officialName,shortName,longName,sagarinName,wikiName,cfbwarehousePlace,cfbwarehouseName,sportreferenceName,espnName,espnOppName,espnID,conference,subdivision,address,lat,lon,color1,color2,color3,color4
Abilene Christian University,Abilene Christian,Abilene Christian Wildcats,Abilene Christian,Abilene Christian,"Abilene, TX",Abilene Christian (TX),,Abilene Christian,Abilene Christian,2000,Independent,FCS,,,,,,,
United States Air Force Academy,Air Force,Air Force Falcons,Air Force,Air Force Falcons,"Air Force Academy, CO",Air Force (CO),Air Force,Air Force,Air Force,2005,Mountain West,FBS,"2304 Cadet Drive Suite 3800, U.S. Air Force Academy, CO 80840-5002",39.0082911,-104.8904006,#0061AA,#FFFFFF,,
University of Akron,Akron,Akron Zips,Akron,Akron Zips,"Akron, OH",Akron (OH),Akron,Akron,Akron,2006,Mid-American,FBS,"302 Buchtel Common, Akron, OH, 44325-4702",41.0763656,-81.5102535,#000E41,#C29C41,#FFFFFF,
The University of Alabama,Alabama,Alabama Crimson Tide,Alabama,Alabama Crimson Tide,"Tuscaloosa, AL",Alabama,Alabama,Alabama,Alabama,333,SEC,FBS,"739 University Blvd, Tuscaloosa, AL, 35487-0166",33.2095901,-87.5463678,#A80532,#FFFFFF,#CACCCE,
Alabama Agricultural and Mechanical University,Alabama A&M,Alabama A&M Bulldogs,Alabama A&M,Alabama A&M,"Normal, AL",Alabama A&M,,Alabama A&M,Alabama A&M,2010,SWAC,FCS,,,,#750000,#FFFFFF,,
Alabama State University,Alabama State,Alabama State Hornets,Alabama State,Alabama State,"Montgomery, AL",Alabama St.,,Alabama State,Alabama State,2011,SWAC,FCS,,,,#FECB09,#231F20,#FFFFFF,
The University of Alabama at Birmingham,UAB,UAB Blazers,UAB,UAB Blazers,"Birmingham, AL",Alabama-Birmingham,Alabama-Birmingham,UAB,UAB,5,Conference USA,FBS,,,,#054338,#040504,#FFFFFF,#E7BD05
Alcorn State University,Alcorn State,Alcorn State Braves,Alcorn State,Alcorn State,"Lorman, MS",Alcorn St. (MS),Alcorn State,Alcorn State,Alcorn State,2016,SWAC,FCS,,,,#42094A,#FFFFFF,#FCF5BA,
Appalachian State University,Appalachian State,Appalachian State Mountaineers,Appalachian State,Appalachian State Mountaineers,"Boone, NC",Appalachian State (NC),Appalachian State,Appalachian State,Appalachian St,2026,Southern,FCS,,,,#000000,#FFC520,#FFFFFF,
University of Arizona,Arizona,Arizona Wildcats,Arizona,Arizona Wildcats,"Tucson, AZ",Arizona,Arizona,Arizona,Arizona,12,Pac-12,FBS,"1401 E University, Tucson, AZ, 85721-0066",32.231871,-110.954822,#003559,#BB003A,#FFFFFF,
Arizona State University,Arizona State,Arizona State Sun Devils,Arizona State,Arizona State Sun Devils,"Tempe, AZ",Arizona St.,Arizona State,Arizona State,Arizona State,9,Pac-12,FBS,"PO Box 877705, Tempe, AZ, 85287-7705",33.4183159,-111.9311939,#96203D,#FEC927,#FFFFFF,
University of Arkansas,Arkansas,Arkansas Razorbacks,Arkansas,Arkansas Razorbacks,"Fayetteville, AR",Arkansas,Arkansas,Arkansas,Arkansas,8,SEC,FBS,"Administration Bldg 425, Fayetteville, AR, 72701",36.0700245,-94.1768949,#CD1041,#231F20,#FFFFFF,
Arkansas State University,Arkansas State,Arkansas State Red Wolves,Arkansas State,Arkansas State Red Wolves,"Jonesboro, AR",Arkansas St.,Arkansas State,Arkansas State,Arkansas State,2032,Sun Belt,FBS,"2105 E. Aggie Road, State University, AR, 72467",35.8427962,-90.6818907,#ED1B2E,#FFFFFF,#231F20,#C8C7C7
University of Arkansas at Pine Bluff,Arkansas-Pine Bluff,Arkansas Pine-Bluff Golden Lions,Ark.-Pine Bluff,Arkansas–Pine Bluff,"Pine Bluff, AR",Arkansas-Pine Bluff,,Arkansas-Pine Bluff,AR-Pine Bluff,2029,SWAC,FCS,,,,#000000,#EEBB00,#FFFFFF,
United States Military Academy,Army,Army Black Knights,Army,Army Black Knights,"West Point, NY",Army (NY),Army,Army,Army,349,Independent,FBS,,,,#D19D00,#000000,#FFFFFF,
Auburn University,Auburn,Auburn Tigers,Auburn,Auburn Tigers,"Auburn, AL",Auburn (AL),Auburn,Auburn,Auburn,2,SEC,FBS,"Auburn University, Auburn, AL, 36849",32.6005991,-85.4865371,#172240,#FE3300,#FFFFFF,
Austin Peay State University,Austin Peay,Austin Peay Governors,Austin Peay,Austin Peay,"Clarksville, TN",Austin Peay St. (TN),,Austin Peay,Austin Peay,2046,Ohio Valley,FCS,,,,#8E0B0B,#FFFFFF,,
Ball State University,Ball State,Ball State Cardinals,Ball State,Ball State Cardinals,"Muncie, IN",Ball St. (IN),Ball State,Ball State,Ball State,2050,Mid-American,FBS,"2000 University Ave, Muncie, IN, 47306",40.1972321,-85.4088412,#DA0000,#FFFFFF,#000000,
Baylor University,Baylor,Baylor Bears,Baylor,Baylor Bears,"Waco, TX",Baylor (TX),Baylor,Baylor,Baylor,239,Big 12,FBS,"500 Speight Ave., Waco, TX, 76798",31.5447389,-97.1183626,#008649,#FFC227,#FFFFFF,
Bethune-Cookman College,Bethune-Cookman,Bethune-Cookman Wildcats,Bethune-Cookman,Bethune-Cookman,"Daytona Beach, FL",Bethune-Cookman (FL),,Bethune-Cookman,Bethune-Cookman,2065,MEAC,FCS,,,,#841B35,#FFFFFF,#FEB65F,
Boise State University,Boise State,Boise State Broncos,Boise State,Boise State Broncos,"Boise, ID",Boise St. (ID),Boise State,Boise State,Boise State,68,Mountain West,FBS,"1910 University Dr, Boise, ID, 83725",43.6056603,-116.2059975,#2D4492,#F27E34,#FFFFFF,
Boston College,Boston College,Boston College Eagles,Boston College,Boston College Eagles,"Chestnut Hill, MA",Boston College (MA),Boston College,Boston College,Boston College,103,ACC,FBS,"140 Commonwealth Avenue, Chestnut Hill, MA, 2467",42.3397737,-71.1667023,#821E1E,#000000,#EEE8B7,#FFFFFF
Bowling Green State University,Bowling Green,Bowling Green Falcons,Bowling Green,Bowling Green Falcons,"Bowling Green, OH",Bowling Green (OH),Bowling Green State,Bowling Green,Bowling Green,189,Mid-American,FBS,"220 McFall Ctr, Bowling Green, OH, 43403",41.3754306,-83.6409484,#4E2400,#F5793F,#FFFFFF,
Brigham Young University,BYU,Brigham Young Cougars,BYU,BYU Cougars,"Provo, UT",Brigham Young (UT),Brigham Young,BYU,BYU,252,Independent,FBS,"Main Campus, Provo, UT, 84602",40.25034,-111.644815,#002D62,#FFFFFF,,
Brown University,Brown,Brown Bears,Brown,Brown,"Providence, RI",Brown (RI),Brown,Brown,Brown,225,Ivy League,FCS,,,,#543019,#8A1E04,#FFFFFF,#000000
Bryant College,Bryant University,Bryant University Bulldogs,Bryant,Bryant,"Smithfield, RI",Bryant (RI),,Bryant,Bryant,2803,NEC,FCS,,,,#702D07,#231F20,#A59474,
Bucknell University,Bucknell,Bucknell Bison,Bucknell,Bucknell,"Lewisburg, PA",Bucknell (PA),,Bucknell,Bucknell,2083,Patriot League,FCS,,,,#000064,#FF7000,#FFFFFF,
State University of New York at Buffalo,Buffalo,Buffalo Bulls,Buffalo,Buffalo Bulls,"Buffalo, NY",Buffalo (NY),Buffalo,Buffalo,Buffalo,2084,Mid-American,FBS,"3435 Main Street, Buffalo, NY, 14214",42.9563819,-78.8200287,#0068B4,#FFFFFF,#000000,
Butler University,Butler,Butler Bulldogs,Butler,Butler,"Indianapolis, IN",Butler (IN),,Butler,Butler,2086,Pioneer Football,FCS,,,,#0D1361,#FFFFFF,#000000,
California Polytechnic State University: San Luis Obispo,Cal Poly,Cal Poly Mustangs,Cal Poly-SLO,Cal Poly,"San Luis Obispo, CA",Cal Poly-San Luis Obispo,,Cal Poly,Cal Poly,13,Big Sky,FCS,,,,#123C31,#FFF1D0,#FFFFFF,
California State University: Sacramento,Sacramento State,Sacramento State Hornets,Sacramento State,Sacramento State,"Sacramento, CA",Cal St.-Sacramento,,Sacramento State,Sacramento St,16,Big Sky,FCS,,,,#00573C,#FFFFFF,#B4985A,
University of California: Berkeley,California,California Golden Bears,California,California Golden Bears,"Berkeley, CA",California,California,California,California,25,Pac-12,FBS,"200 California Hall, Berkeley, CA, 94720",37.868979,-122.266073,#003768,#FFDE30,#FFFFFF,
University of California: Davis,UC Davis,UC Davis Aggies,UC Davis,UC Davis,"Davis, CA",California-Davis,,UC Davis,UC Davis,302,Big Sky,FCS,,,,#183563,#CB992B,#FFFFFF,#CCCCCD
Campbell University,Campbell,Campbell Fighting Camels,Campbell,Campbell,"Buies Creek, NC",Campbell (NC),,Campbell,Campbell,2097,Pioneer Football,FCS,,,,#000000,#FF8931,#FFFFFF,
University of Central Arkansas,Central Arkansas,Central Arkansas Bears,Central Arkansas,Central Arkansas,"Conway, AR",Central Arkansas,,Central Arkansas,Cent Arkansas,2110,Southland,FCS,,,,#4F2683,#FFFFFF,#939BA1,
Central Connecticut State University,Central Connecticut,Central Connecticut State Blue Devils,Central Connecticut,Central Connecticut,"New Britain, CT",Central Connecticut St.,,Central Connecticut State,Cent Conn St,2115,NEC,FCS,,,,#1B49A2,#FFFFFF,,
University of Central Florida,UCF,UCF Knights,Central Florida UCF,UCF Knights,"Orlando, FL",Central Florida,Central Florida,UCF,UCF,2116,American Athletic,FBS,,,,#231F20,#B4985A,#FFFFFF,
Central Michigan University,Central Michigan,Central Michigan Chippewas,Central Michigan,Central Michigan Chippewas,"Mount Pleasant, MI",Central Michigan,Central Michigan,Central Michigan,Cent Michigan,2117,Mid-American,FBS,"Rose 100, Mount Pleasant, MI, 48859",43.5809886,-84.7743112,#780006,#FFFFFF,#E2A253,
Charleston Southern University,Charleston Southern,Charleston Southern Buccaneers,Charleston Southern,Charleston Southern,"Charleston, SC",Charleston Southern (SC),,Charleston Southern,Charl Southern,2127,Big South,FCS,,,,#00447C,#FFFFFF,,
University of Cincinnati,Cincinnati,Cincinnati Bearcats,Cincinnati,Cincinnati Bearcats,"Cincinnati, OH",Cincinnati (OH),Cincinnati,Cincinnati,Cincinnati,2132,American Athletic,FBS,"2624 Clifton Avenue, Cincinnati, OH, 45221-0063",39.1341049,-84.518981,#000000,#FD0026,#FFFFFF,
The Citadel,The Citadel,Citadel Bulldogs,The Citadel,Citadel !The Citadel,"Charleston, SC",Citadel (SC),Citadel,Citadel,Citadel,2643,Southern,FCS,,,,#002B5C,#FFFFFF,,
Clemson University,Clemson,Clemson Tigers,Clemson,Clemson Tigers,"Clemson, SC",Clemson (SC),Clemson,Clemson,Clemson,228,ACC,FBS,"201 Sikes Hall, Clemson, SC, 29634",34.6794194,-82.8350733,#F06014,#FFFFFF,#441F6F,
Coastal Carolina University,Coastal Carolina,Coastal Carolina Chanticleers,Coastal Carolina,Coastal Carolina,"Conway, SC",Coastal Carolina (SC),,Coastal Carolina,Coast Carolina,324,Big South,FCS,,,,#009297,#FFFFFF,#373434,#D59C3A
Colgate University,Colgate,Colgate Raiders,Colgate,Colgate,"Hamilton, NY",Colgate (NY),Colgate,Colgate,Colgate,2142,Patriot League,FCS,,,,#8B011D,#FFFFFF,#241F20,
University of Colorado at Boulder,Colorado,Colorado Buffaloes,Colorado,Colorado Buffaloes,"Boulder, CO",Colorado,Colorado,Colorado,Colorado,38,Pac-12,FBS,"Regent Drive at Broadway, Boulder, CO, 80309-0017",40.0034756,-105.2676979,#D9C994,#231F20,#FFFFFF,
Colorado State University,Colorado State,Colorado State Rams,Colorado State,Colorado State Rams,"Fort Collins, CO",Colorado St.,Colorado State,Colorado State,Colorado State,36,Mountain West,FBS,"102 Administration Building, Fort Collins, CO, 80523-0100",40.57,-105.09,#008C75,#FFFFFF,#000000,#F8E793
Columbia University: Columbia College,Columbia,Columbia Lions,Columbia,Columbia,"New York, NY",Columbia (NY),Columbia,Columbia,Columbia,171,Ivy League,FCS,,,,#7CC2F1,#004B85,#FFFFFF,
University of Connecticut,Connecticut,Connecticut Huskies,Connecticut,Connecticut Huskies,"East Hartford, CT",Connecticut,Connecticut,Connecticut,Connecticut,41,American Athletic,FBS,"2095 Hillside Road U-78, Storrs, CT, 06269",41.8072322,-72.2555779,#0A1D5A,#FFFFFF,#B2B2AE,
Cornell University,Cornell,Cornell Big Red,Cornell,Cornell,"Ithaca, NY",Cornell (NY),Cornell,Cornell,Cornell,172,Ivy League,FCS,,,,#D60027,#FFFFFF,#000000,
Dartmouth College,Dartmouth,Dartmouth Big Green,Dartmouth,Dartmouth,"Hanover, NH",Dartmouth (NH),Dartmouth,Dartmouth,Dartmouth,159,Ivy League,FCS,,,,#005730,#FFFFFF,,
Davidson College,Davidson,Davidson Wildcats,Davidson,Davidson,"Davidson, NC",Davidson (NC),Davidson,Davidson,Davidson,2166,Pioneer Football,FCS,,,,#000000,#E51937,#FFFFFF,
University of Dayton,Dayton,Dayton Flyers,Dayton,Dayton,"Dayton, OH",Dayton (OH),Dayton,Dayton,Dayton,2168,Pioneer Football,FCS,,,,#151A66,#E70808,#FFFFFF,
University of Delaware,Delaware,Delaware Fightin Blue Hens,Delaware,Delaware,"Newark, DE",Delaware,,Delaware,Delaware,48,Colonial Athletic Association,FCS,,,,#01539B,#FFDD00,#100A04,#FFFFFF
Delaware State University,Delaware State,Delaware State Hornets,Delaware State,Delaware State,"Dover, DE",Delaware St.,,Delaware State,Delaware State,2169,MEAC,FCS,,,,#F11A2D,#01A9EF,#FFFFFF,#261511
Drake University,Drake,Drake Bulldogs,Drake,Drake,"Des Moines, IA",Drake (IA),Drake,Drake,Drake,2181,Pioneer Football,FCS,,,,#0053A0,#FFFFFF,#B4B6B8,
Duke University,Duke,Duke Blue Devils,Duke,Duke Blue Devils,"Durham, NC",Duke (NC),Duke,Duke,Duke,150,ACC,FBS,"207 Allen Bldg, Durham, NC, 27708",36.0011241,-78.9373541,#004C7D,#FFFFFF,,
Duquesne University,Duquesne,Duquesne Dukes,Duquesne,Duquesne,"Pittsburgh, PA",Duquesne (PA),,Duquesne,Duquesne,2184,NEC,FCS,,,,#002D62,#D31145,#FFFFFF,
East Carolina University,East Carolina,East Carolina Pirates,East Carolina,East Carolina Pirates,"Greenville, NC",East Carolina (NC),East Carolina,East Carolina,East Carolina,151,Conference USA,FBS,"East 5th Street, Greenville, NC, 27858-4353",35.6066409,-77.3559964,#4A1F68,#FFCE28,#FFFFFF,#000000
Eastern Illinois University,Eastern Illinois,Eastern Illinois Panthers,Eastern Illinois,Eastern Illinois,"Charleston, IL",Eastern Illinois,,Eastern Illinois,E Illinois,2197,Ohio Valley,FCS,,,,#000000,#FFFFFF,#0675D0,
Eastern Kentucky University,Eastern Kentucky,Eastern Kentucky Colonels,Eastern Kentucky,Eastern Kentucky,"Richmond, KY",Eastern Kentucky,,Eastern Kentucky,E Kentucky,2198,Ohio Valley,FCS,,,,#730B27,#FFFFFF,#A7AAAB,
Eastern Michigan University,Eastern Michigan,Eastern Michigan Eagles,Eastern Michigan,Eastern Michigan Eagles,"Ypsilanti, MI",Eastern Michigan,Eastern Michigan,Eastern Michigan,E Michigan,2199,Mid-American,FBS,"120 Hover Hall, Ypsilanti, MI, 48197",42.2411499,-83.6129939,#0B5F24,#FFFFFF,#7F7F7F,
Eastern Washington University,Eastern Washington,Eastern Washington Eagles,Eastern Washington,Eastern Washington,"Cheney, WA",Eastern Washington,,Eastern Washington,E Washington,331,Big Sky,FCS,,,,#D72E34,#FFFFFF,#000000,
Elon University,Elon,Elon Phoenix,Elon,Elon,"Elon, NC",Elon (NC),,Elon,Elon,2210,Southern,FCS,,,,#040404,#AEA460,#9E0152,#FFFFFF
University of Florida,Florida,Florida Gators,Florida,Florida Gators,"Gainesville, FL",Florida,Florida,Florida,Florida,57,SEC,FBS,"355 Tigert Hall, Gainesville, FL, 32611-3115",29.6494114,-82.3398906,#2139CE,#FF4208,#FFFFFF,#39734A
Florida Agricultural and Mechanical University,Florida A&M,Florida A&M Rattlers,Florida A&M,Florida A&M,"Tallahassee, FL",Florida A&M,,Florida A&M,Florida A&M,50,MEAC,FCS,,,,#F89728,#00B552,#FFFFFF,
Florida Atlantic University,Florida Atlantic,Florida Atlantic Owls,Florida Atlantic,Florida Atlantic Owls,"Fort Lauderdale, FL",Florida Atlantic,Florida Atlantic,Florida Atlantic,Florida Atl,2226,Conference USA,FBS,"777 Glades Rd, Boca Raton, FL, 33431-0991",26.365668,-80.106093,#004B85,#FFFFFF,#CD1041,
Florida International University,Florida International,Florida International Golden Panthers,Fla. International,Florida International Panthers,"Miami, FL",Florida International,Florida International,Florida International,FIU,2229,Conference USA,FBS,"11200 SW 8th Street, Miami, FL, 33199",25.760996,-80.376256,#002D62,#C5960B,#FFFFFF,
Florida State University,Florida State,Florida State Seminoles,Florida State,Florida State Seminoles,"Tallahassee, FL",Florida St.,Florida State,Florida State,Florida State,52,ACC,FBS,"211 Westcott Bldg, Tallahassee, FL, 32306-1037",30.4406686,-84.2916516,#900028,#A8936B,#231F20,#FFFFFF
Fordham University,Fordham,Fordham Rams,Fordham,Fordham,"New York, NY",Fordham (NY),,Fordham,Fordham,2230,Patriot League,FCS,,,,#830032,#FFFFFF,#1E1A1B,
California State University: Fresno,Fresno State,Fresno State Bulldogs,Fresno State,Fresno State Bulldogs,"Fresno, CA",Fresno St. (CA),Fresno State,Fresno State,Fresno State,278,Mountain West,FBS,,,,#00427A,#E32F38,#FFFFFF,
Furman University,Furman,Furman Paladins,Furman,Furman,"Greenville, SC",Furman (SC),Furman,Furman,Furman,231,Southern,FCS,,,,#3A1769,#FFFFFF,,
Gardner-Webb University,Gardner-Webb,Gardner-Webb Runnin' Bulldogs,Gardner-Webb,Gardner–Webb,"Boiling Springs, NC",Gardner-Webb (NC),,Gardner-Webb,Gardner-Webb,2241,Big South,FCS,,,,#BF2C37,#FFFFFF,#231F20,
Georgetown University,Georgetown,Georgetown Hoyas,Georgetown,Georgetown,"Washington, DC",Georgetown (DC),,Georgetown,Georgetown,46,Patriot League,FCS,,,,#49487C,#FFFFFF,#AC928A,
University of Georgia,Georgia,Georgia Bulldogs,Georgia,Georgia Bulldogs,"Athens, GA",Georgia,Georgia,Georgia,Georgia,61,SEC,FBS,"The Administration Building, Athens, GA, 30602",33.9562215,-83.3739514,#A0000B,#000000,#FFFFFF,
Georgia Southern University,Georgia Southern,Georgia Southern Eagles,Georgia Southern,Georgia Southern Eagles,"Statesboro, GA",Georgia Southern,Georgia Southern,Georgia Southern,Ga. Southern,290,Southern,FCS,,,,#003775,#FFFFFF,#9B8348,#9DB7c4
Georgia State University,Georgia State,Georgia State Panthers,Georgia State,Georgia State Panthers,"Atlanta, GA",Georgia St.,Georgia State,Georgia State,Georgia State,2247,Sun Belt,FBS,,,,#005DAA,#FFFFFF,#F8112B,
Georgia Institute of Technology,Georgia Tech,Georgia Tech Yellow Jackets,Georgia Tech,Georgia Tech Yellow Jackets,"Atlanta, GA",Georgia Tech,Georgia Tech,Georgia Tech,Georgia Tech,59,ACC,FBS,"225 North Ave, Atlanta, GA, 30332-0530",33.7724231,-84.3950522,#160A06,#FDB813,#FFFFFF,
Grambling State University,Grambling State,Grambling State Tigers,Grambling State,Grambling State,"Grambling, LA",Grambling St. (LA),Grambling State,Grambling State,Grambling St,2755,SWAC,FCS,,,,#F88400,#101008,#FFFFFF,
Hampton University,Hampton,Hampton Pirates,Hampton,Hampton,"Hampton, VA",Hampton (VA),,Hampton,Hampton,2261,MEAC,FCS,,,,#0067AC,#FFFFFF,#E5B67D,
Harvard University,Harvard,Harvard Crimson,Harvard,Harvard,"Cambridge, MA",Harvard (MA),Harvard,Harvard,Harvard,108,Ivy League,FCS,,,,#C41130,#FFFFFF,#231F20,
University of Hawaii at Manoa,Hawaii,Hawaii Warriors,Hawai'i,Hawaiʻi Rainbow Warriors,"Honolulu, HI",Hawaii,Hawaii,Hawaii,Hawaii,62,Mountain West,FBS,"2500 Campus Road, Hawaii Hall, Honolulu, HI, 96822-2301",21.2984111,-157.8202236,#004231,#000000,#FFFFFF,
College of the Holy Cross,Holy Cross,Holy Cross Crusaders,Holy Cross,Holy Cross,"Worcester, MA",Holy Cross (MA),Holy Cross,Holy Cross,Holy Cross,107,Patriot League,FCS,,,,#090909,#1B2154,#FFFFFF,#909095
University of Houston,Houston,Houston Cougars,Houston,Houston Cougars,"Houston, TX",Houston (TX),Houston,Houston,Houston,248,American Athletic,FBS,"212 E. Cullen Building, Houston, TX, 77204-2018",29.72037,-95.34374,#C90822,#012259,#FFFFFF,
,Houston Baptist,,Houston Baptist,Houston Baptist,"Houston, TX",Houston Baptist (TX),,Houston Baptist,Houston Baptist,2277,Independent,FCS,,,,,,,
Howard University,Howard,Howard Bison,Howard,Howard,"Washington, DC",Howard (DC),,Howard,Howard,47,MEAC,FCS,,,,#EE3A43,#09347A,#FFFFFF,
University of Idaho,Idaho,Idaho Vandals,Idaho,Idaho Vandals,"Moscow, ID",Idaho,Idaho,Idaho,Idaho,70,Independent,FBS,"875 Perimeter Drive, Moscow, ID, 83844-2282",46.729084,-117.021692,#000000,#FFCC13,#FFFFFF,
Idaho State University,Idaho State,Idaho State Bengals,Idaho State,Idaho State,"Pocatello, ID",Idaho St.,,Idaho State,Idaho State,304,Big Sky,FCS,,,,#FF8400,#000000,#FAD001,#FFFFFF
University of Illinois at Urbana-Champaign,Illinois,Illinois Fighting Illini,Illinois,Illinois Fighting Illini,"Champaign, IL",Illinois,Illinois,Illinois,Illinois,356,Big 10,FBS,"601 E John Street, Champaign, IL, 61820-5711",40.1090648,-88.2303519,#F5873C,#1B4178,#FFFFFF,
Illinois State University,Illinois State,Illinois State Redbirds,Illinois State,Illinois State,"Normal, IL",Illinois St.,Illinois State,Illinois State,Illinois State,2287,Missouri Valley,FCS,,,,#E61731,#010000,#FFFFFF,#FEE818
,Incarnate Word,,Incarnate Word,Incarnate Word,"San Antonio, TX",Incarnate Word (TX),,Incarnate Word,Incarnate Word,2916,Independent,FCS,,,,,,,
Indiana University Bloomington,Indiana,Indiana Hoosiers,Indiana,Indiana Hoosiers,"Bloomington, IN",Indiana,Indiana,Indiana,Indiana,84,Big 10,FBS,"107 South Indiana Ave., Bloomington, IN, 47405-7000",39.1664826,-86.5268958,#A82B3D,#FFFFFF,,
Indiana State University,Indiana State,Indiana State Sycamores,Indiana State,Indiana State,"Terre Haute, IN",Indiana St.,Indiana State,Indiana State,Indiana State,282,Missouri Valley,FCS,,,,#00669A,#FFFFFF,,
University of Iowa,Iowa,Iowa Hawkeyes,Iowa,Iowa Hawkeyes,"Iowa City, IA",Iowa,Iowa,Iowa,Iowa,2294,Big 10,FBS,"101 Jessup Hall, Iowa City, IA, 52242-1316",41.6619401,-91.5365244,#000000,#FFD700,#FFFFFF,
Iowa State University,Iowa State,Iowa State Cyclones,Iowa State,Iowa State Cyclones,"Ames, IA",Iowa St.,Iowa State,Iowa State,Iowa State,66,Big 12,FBS,"Beardshear Hall, Ames, IA, 50011-2030",42.026063,-93.64807,#840A2C,#FEC938,#FFFFFF,
Jackson State University,Jackson State,Jackson State Tigers,Jackson State,Jackson State,"Jackson, MS",Jackson St. (MS),Jackson State,Jackson State,Jackson State,2296,SWAC,FCS,,,,#123297,#FFFFFF,,
Jacksonville University,Jacksonville,Jacksonville Dolphins,Jacksonville,Jacksonville,"Jacksonville, FL",Jacksonville (FL),,Jacksonville,Jacksonville,294,Pioneer Football,FCS,,,,#008568,#FFFFFF,#000000,#8B8B8B
Jacksonville State University,Jacksonville State,Jacksonville State Gamecocks,Jacksonville State,Jacksonville State,"Jacksonville, AL",Jacksonville St. (AL),,Jacksonville State,Jacksonville St,55,Ohio Valley,FCS,,,,#E53F40,#FFFFFF,#1D1819,
James Madison University,James Madison,James Madison Dukes,James Madison,James Madison,"Harrisonburg, VA",James Madison (VA),,James Madison,James Madison,256,Colonial Athletic Association,FCS,,,,#263997,#D5A10E,#FFFFFF,#B3B5B8
University of Kansas,Kansas,Kansas Jayhawks,Kansas,Kansas Jayhawks,"Lawrence, KS",Kansas,Kansas,Kansas,Kansas,2305,Big 12,FBS,"1651 Naismith, Lawrence, KS, 66045",38.9541438,-95.2527379,#006AB5,#FFFFFF,#FFD204,#E51837
Kansas State University,Kansas State,Kansas State Wildcats,Kansas State,Kansas State Wildcats,"Manhattan, KS",Kansas St.,Kansas State,Kansas State,Kansas State,2306,Big 12,FBS,"Anderson Hall, Manhattan, KS, 66506",39.1885651,-96.5809246,#633194,#FFFFFF,,
Kent State University,Kent State,Kent State Golden Flashes,Kent State,Kent State Golden Flashes,"Kent, OH",Kent St. (OH),Kent State,Kent State,Kent State,2309,Mid-American,FBS,"PO Box 5190, Kent, OH, 44242-0001",41.1527662,-81.3492229,#131149,#F7BD0A,#FFFFFF,
University of Kentucky,Kentucky,Kentucky Wildcats,Kentucky,Kentucky Wildcats,"Lexington, KY",Kentucky,Kentucky,Kentucky,Kentucky,96,SEC,FBS,"101 Main Building, Lexington, KY, 40506-0032",38.046593,-84.496939,#003399,#FFFFFF,#EBEBE4,
Lafayette College,Lafayette,Lafayette Leopards,Lafayette,Lafayette,"Easton, PA",Lafayette (PA),,Lafayette,,322,Patriot League,FCS,,,,#9A0024,#CDBDA3,#0B070B,#FFFFFF
Lamar University,Lamar,Lamar Cardinals,Lamar,Lamar,"Beaumont, TX",Lamar (TX),Lamar,Lamar,Lamar,2320,Southland,FCS,,,,#231F20,#ED1B2E,#FFFFFF,#FCB131
Lehigh University,Lehigh,Lehigh Mountain Hawks,Lehigh,Lehigh,"Bethlehem, PA",Lehigh (PA),,Lehigh,Lehigh,2329,Patriot League,FCS,,,,#994708,#CFAB7A,#653600,#FFFFFF
Liberty University,Liberty,Liberty Flames,Liberty,Liberty,"Lynchburg, VA",Liberty (VA),,Liberty,Liberty,2335,Big South,FCS,,,,#02298A,#A70F00,#FFFFFF,
Louisiana State University and Agricultural and Mechanical College,LSU,LSU Tigers,LSU,LSU Tigers,"Baton Rouge, LA",Louisiana St.,Louisiana State,LSU,LSU,99,SEC,FBS,"P.O. Box 25095, Baton Rouge, LA, 70803-2750",30.41,-91.18,#33297B,#FDB827,#FFFFFF,
Louisiana Tech University,Louisiana Tech,Louisiana Tech Bulldogs,Louisiana Tech,Louisiana Tech Bulldogs,"Ruston, LA",Louisiana Tech,Louisiana Tech,Louisiana Tech,Louisiana Tech,2348,Conference USA,FBS,"305 Wisteria, Ruston, LA, 71272",32.5270368,-92.6491978,#006AB5,#ED1C24,#FFFFFF,
University of Louisiana at Lafayette,Louisiana-Lafayette,Louisiana-Lafayette Ragin' Cajuns,Louisiana-Lafayette,Louisiana-Lafayette Ragin' Cajuns,"Lafayette, LA",Louisiana-Lafayette,Louisiana-Lafayette,Louisiana-Lafayette,LA-Lafayette,309,Sun Belt,FBS,"104 University Circle, Lafayette, LA, 70503",30.2095864,-92.0085328,#D73347,#FFFFFF,#F4A42A,#231F20
University of Louisiana at Monroe,Louisiana-Monroe,Louisiana-Monroe Warhawks,Louisiana-Monroe,Louisiana-Monroe Warhawks,"Monroe, LA",Louisiana-Monroe,Louisiana-Monroe,Louisiana-Monroe,UL Monroe,2433,Sun Belt,FBS,,,,#231F20,#98012E,#FFFFFF,#B38807
University of Louisville,Louisville,Louisville Cardinals,Louisville,Louisville Cardinals,"Louisville, KY",Louisville (KY),Louisville,Louisville,Louisville,97,American Athletic,FBS,"2301 S 3rd St, Louisville, KY, 40292-0001",38.2150724,-85.7602816,#FD0B20,#070707,#FFFFFF,#FFC010
University of Maine,Maine,Maine Black Bears,Maine,Maine,"Orono, ME",Maine,,Maine,Maine,311,Colonial Athletic Association,FCS,,,,#2E8DC4,#FFFFFF,#909090,#000000
Marist College,Marist,Marist Red Foxes,Marist,Marist,"Poughkeepsie, NY",Marist (NY),,Marist,Marist,2368,Pioneer Football,FCS,,,,#EF1216,#FFFFFF,#210203,
Marshall University,Marshall,Marshall Thundering Herd,Marshall,Marshall Thundering Herd,"Huntington, WV",Marshall (WV),Marshall,Marshall,Marshall,276,Conference USA,FBS,"1 John Marshall Dr, Huntington, WV, 25755",38.4231429,-82.4292749,#01592F,#FFFFFF,#000000,
University of Maryland: College Park,Maryland,Maryland Terrapins,Maryland,Maryland Terrapins,"College Park, MD",Maryland,Maryland,Maryland,Maryland,120,ACC,FBS,"Main Administration Building, College Park, MD, 20742",38.9859861,-76.9397745,#D5002B,#FFFFFF,#000000,#C68746
University of Massachusetts Amherst,Massachusetts,Massachusetts Minutemen,Massachusetts,UMass Minutemen,"Foxboro, MA",Massachusetts,Massachusetts,Massachusetts,Massachusetts,113,Mid-American,FBS,,,,#9F011A,#FFFFFF,#12090A,
McNeese State University,McNeese State,McNeese State Cowboys,McNeese State,McNeese State,"Lake Charles, LA",McNeese St. (LA),McNeese State,McNeese State,McNeese State,2377,Southland,FCS,,,,#FFD51D,#00529C,#FFFFFF,
University of Memphis,Memphis,Memphis Tigers,Memphis,Memphis Tigers,"Memphis, TN",Memphis (TN),Memphis,Memphis,Memphis,235,American Athletic,FBS,"570 Normal St., Memphis, TN, 38152-3730",35.1156213,-89.9338615,#2A2A9B,#FFFFFF,#FEC003,
,Mercer,,Mercer,Mercer,"Macon, GA",Mercer (GA),,Mercer,Mercer,2382,Pioneer Football,FCS,,,,,,,
University of Miami,Miami (FL),Miami (FL) Hurricanes,Miami-Florida,Miami Hurricanes,"Miami Gardens, FL",Miami (FL),Miami (FL),Miami (FL),Miami (FL),2390,ACC,FBS,"University of Miami, Coral Gables, FL, 33124",25.75,-80.26,#003E24,#E75C2D,#FFFFFF,
Miami University: Oxford Campus,Miami (OH),Miami (OH) RedHawks,Miami-Ohio,Miami RedHawks,"Oxford, OH",Miami (OH),Miami (OH),Miami (OH),Miami (OH),193,Mid-American,FBS,"500 High St, Oxford, OH, 45056",39.5106603,-84.7315621,#C60808,#080808,#FFFFFF,#3F7D91
University of Michigan,Michigan,Michigan Wolverines,Michigan,Michigan Wolverines,"Ann Arbor, MI",Michigan,Michigan,Michigan,Michigan,130,Big 10,FBS,"3014 Fleming Bldg, Ann Arbor, MI, 48109",42.2758366,-83.7427399,#272341,#FAC417,#FFFFFF,
Michigan State University,Michigan State,Michigan State Spartans,Michigan State,Michigan State Spartans,"East Lansing, MI",Michigan St.,Michigan State,Michigan State,Michigan State,127,Big 10,FBS,"450 Administration Building, East Lansing, MI, 48824-1046",42.727247,-84.494436,#1C453A,#FFFFFF,#000000,
Middle Tennessee State University,Middle Tennessee State,Middle Tennessee Blue Raiders,Middle Tennessee,Middle Tennessee Blue Raiders,"Murfreesboro, TN",Middle Tennessee St.,Middle Tennessee State,Middle Tennessee,Middle Tennessee,2393,Conference USA,FBS,"1301 East Main Street, Murfreesboro, TN, 37132",35.843317,-86.370542,#0079C2,#FFFFFF,#231F20,
University of Minnesota: Twin Cities,Minnesota,Minnesota Golden Gophers,Minnesota,Minnesota Golden Gophers,"Minneapolis, MN",Minnesota,Minnesota,Minnesota,Minnesota,135,Big 10,FBS,"100 Church Street SE, Minneapolis, MN, 55455-0213",44.975895,-93.234615,#7F011B,#FFF63E,#FFFFFF,
University of Mississippi,Mississippi,Mississippi Rebels,Mississippi,Ole Miss Rebels,"Oxford, MS",Mississippi,Mississippi,Ole Miss,Ole Miss,145,SEC,FBS,"1848 University Circle, University, MS, 38677-1848",34.3650835,-89.5356695,#002C91,#FF002C,#FFFFFF,
Mississippi State University,Mississippi State,Mississippi State Bulldogs,Mississippi State,Mississippi State Bulldogs,"Starkville, MS",Mississippi St.,Mississippi State,Mississippi State,Mississippi St,344,SEC,FBS,"PO Box 6018, Mississippi State, MS, 39762",33.45622,-88.795708,#762123,#D1D5D8,#FFFFFF,
Mississippi Valley State University,Mississippi Valley State,Mississippi Valley State Delta Devils,Miss. Valley State,Mississippi Valley State,"Itta Bena, MS",Mississippi Valley St.,Mississippi Valley State,Mississippi Valley State,Miss Valley St,2400,SWAC,FCS,,,,#054105,#FFFFFF,,
University of Missouri: Columbia,Missouri,Missouri Tigers,Missouri,Missouri Tigers,"Columbia, MO",Missouri,Missouri,Missouri,Missouri,142,SEC,FBS,"105 Jesse Hall, Columbia, MO, 65211",38.9451576,-92.328749,#231F20,#E8AF11,#FFFFFF,
Missouri State University,Missouri State,Missouri State Bears,Missouri State,Missouri State,"Springfield, MO",Missouri St.,,Missouri State,Missouri State,2623,Missouri Valley,FCS,,,,#5F0000,#FFFFFF,#000000,
Monmouth University,Monmouth,Monmouth Hawks,Monmouth-NJ,Monmouth,"West Long Branch, NJ",Monmouth (NJ),,Monmouth,Monmouth,2405,Independent,FCS,,,,#051844,#FFFFFF,#D7D8D8,
University of Montana-Missoula,Montana,Montana Grizzlies,Montana,Montana,"Missoula, MT",Montana,Montana,Montana,Montana,149,Big Sky,FCS,,,,#751D4A,#FFFFFF,#181829,
Montana State University: Bozeman,Montana State,Montana State Bobcats,Montana State,Montana State,"Bozeman, MT",Montana St.,,Montana State,Montana State,147,Big Sky,FCS,,,,#003875,#D3AF7E,#FFFFFF,
Morehead State University,Morehead State,Morehead State Eagles,Morehead State,Morehead State,"Morehead, KY",Morehead St. (KY),,Morehead State,Morehead State,2413,Pioneer Football,FCS,,,,#094FA3,#FFFFFF,#FFD51D,#040204
Morgan State University,Morgan State,Morgan State Bears,Morgan State,Morgan State,"Baltimore, MD",Morgan St. (MD),,Morgan State,Morgan State,2415,MEAC,FCS,,,,#014786,#F47937,#FFFFFF,#231F20
Murray State University,Murray State,Murray State Racers,Murray State,Murray State,"Murray, KY",Murray St. (KY),,Murray State,Murray State,93,Ohio Valley,FCS,,,,#002148,#FFE000,#FFFFFF,
United States Naval Academy,Navy,Navy Midshipmen,Navy,Navy Midshipmen,"Annapolis, MD",Navy (MD),Navy,Navy,Navy,2426,Independent,FBS,"52 King George Street, Annapolis, MD, 21402-1318",38.984232,-76.485615,#131630,#FCBA29,#FFFFFF,
University of Nebraska - Lincoln,Nebraska,Nebraska Cornhuskers,Nebraska,Nebraska Cornhuskers,"Lincoln, NE",Nebraska,Nebraska,Nebraska,Nebraska,158,Big 10,FBS,"14th and R St, Lincoln, NE, 68588",40.8169285,-96.701134,#F20017,#FFFFFF,,
University of Nevada: Reno,Nevada,Nevada Wolf Pack,Nevada,Nevada Wolf Pack,"Reno, NV",Nevada,Nevada,Nevada,Nevada,2440,Mountain West,FBS,"1664 North Virginia St, Reno, NV, 89557",39.5454191,-119.8156929,#153E5F,#FFFFFF,,
University of Nevada: Las Vegas,UNLV,UNLV Rebels,UNLV,UNLV Rebels,"Las Vegas, NV",Nevada-Las Vegas,Nevada-Las Vegas,UNLV,UNLV,2439,Mountain West,FBS,,,,#231E1F,#D50026,#FFFFFF,
University of New Hampshire,New Hampshire,New Hampshire Wildcats,New Hampshire,New Hampshire,"Durham, NH",New Hampshire,,New Hampshire,New Hampshire,160,Colonial Athletic Association,FCS,,,,#004990,#FFFFFF,#C3C4C6,
University of New Mexico,New Mexico,New Mexico Lobos,New Mexico,New Mexico Lobos,"Albuquerque, NM",New Mexico,New Mexico,New Mexico,New Mexico,167,Mountain West,FBS,"1700 Lomas Blvd NE, Albuquerque, NM, 87106",35.089776,-106.625018,#000000,#D41045,#FFFFFF,#C4C4C4
New Mexico State University,New Mexico State,New Mexico State Aggies,New Mexico State,New Mexico State Aggies,"Las Cruces, NM",New Mexico St.,New Mexico State,New Mexico State,New Mexico St,166,Independent,FBS,"2850 Weddell Street, Las Cruces, NM, 88003-8001",32.2824557,-106.7533096,#891216,#221E1F,#FFFFFF,
Nicholls State University,Nicholls State,Nicholls State Colonels,Nicholls State,Nicholls State,"Thibodaux, LA",Nicholls St. (LA),,Nicholls State,Nicholls State,2447,Southland,FCS,,,,#C41230,#FFFFFF,#231F20,
Norfolk State University,Norfolk State,Norfolk State Spartans,Norfolk State,Norfolk State,"Norfolk, VA",Norfolk St. (VA),,Norfolk State,Norfolk State,2450,MEAC,FCS,,,,#046546,#FFFFFF,#F1C409,
North Carolina State University,North Carolina State,North Carolina State Wolfpack,NC State,North Carolina Tar Heels,"Chapel Hill, NC",North Carolina,North Carolina,North Carolina,North Carolina,153,ACC,FBS,"2101 Hillsborough Street, Raleigh, NC, 27695-7001",35.7863799,-78.6631452,#EF1216,#FFFFFF,#221E1F,
North Carolina Agricultural and Technical State University,North Carolina A&T,North Carolina A&T Aggies,NC A&T,North Carolina A&T,"Greensboro, NC",North Carolina A&T,,North Carolina A&T,N Carolina A&T,2448,MEAC,FCS,,,,#0505AA,#FFFFFF,#FFFF63,
North Carolina Central University,North Carolina Central,North Carolina Central Eagles,NC Central,North Carolina Central,"Durham, NC",North Carolina Central,,NC Central,N Carolina Cent,2428,MEAC,FCS,,,,#880023,#1A1818,#FFFFFF,#8E9093
University of North Carolina at Chapel Hill,North Carolina,North Carolina Tar Heels,North Carolina,NC State Wolfpack,"Raleigh, NC",North Carolina St.,North Carolina State,North Carolina State,NC State,152,ACC,FBS,"103 South Bldg Cb 9100, Chapel Hill, NC, 27599",35.908807,-79.131619,#98BFE5,#FFFFFF,#00275D,
The University of North Carolina at Charlotte,UNC Charlotte,,Charlotte,Charlotte,"Charlotte, NC",North Carolina-Charlotte,,Charlotte,Charlotte,242949,Independent,FCS,,,,,,,
University of North Dakota,North Dakota,North Dakota Fighting Sioux,North Dakota,North Dakota,"Grand Forks, ND",North Dakota,,North Dakota,North Dakota,155,Big Sky,FCS,,,,#702D07,#FFFFFF,#E22D33,#00A26B
North Dakota State University,NDSU,North Dakota State Bison,North Dakota State,North Dakota State,"Fargo, ND",North Dakota St.,,North Dakota State,North Dakota St,2449,Missouri Valley,FCS,,,,#01402A,#FEBB1C,#FFFFFF,#221E1F
University of North Texas,North Texas,North Texas Mean Green,North Texas,North Texas Mean Green,"Denton, TX",North Texas,North Texas,North Texas,North Texas,249,Conference USA,FBS,"Chestnut Ave., Denton, TX, 76203-1277",33.2115618,-97.1519679,#00853D,#FFFFFF,#2D2327,
Northern Arizona University,Northern Arizona,Northern Arizona Lumberjacks,Northern Arizona,Northern Arizona,"Flagstaff, AZ",Northern Arizona,,Northern Arizona,N Arizona,2464,Big Sky,FCS,,,,#003976,#FFFFFF,#629181,#FFD51F
University of Northern Colorado,Northern Colorado,Northern Colorado Bears,Northern Colorado,Northern Colorado,"Greeley, CO",Northern Colorado,,Northern Colorado,N Colorado,2458,Big Sky,FCS,,,,#13558D,#F9D245,#FFFFFF,
Northern Illinois University,Northern Illinois,Northern Illinois Huskies,Northern Illinois,NIU Huskies,"DeKalb, IL",Northern Illinois,Northern Illinois,Northern Illinois,N Illinois,2459,Mid-American,FBS,"1425 W. Lincoln Hwy., Dekalb, IL, 60115-2828",41.9307639,-88.7799761,#F1122C,#0F0D0D,#FFFFFF,
University of Northern Iowa,Northern Iowa,Northern Iowa Panthers,Northern Iowa,Northern Iowa,"Cedar Falls, IA",Northern Iowa,,Northern Iowa,Northern Iowa,2460,Missouri Valley,FCS,,,,#473282,#E4AE2F,#FFFFFF,
Northwestern University,Northwestern,Northwestern Wildcats,Northwestern,Northwestern Wildcats,"Evanston, IL",Northwestern (IL),Northwestern,Northwestern,Northwestern,77,Big 10,FBS,"633 Clark St, Evanston, IL, 60208",42.049972,-87.6798976,#393996,#FFFFFF,#000000,
Northwestern State University,Northwestern State,Northwestern State Demons,Northwestern State,Northwestern State,"Natchitoches, LA",Northwestern St. (LA),Northwestern State,Northwestern State,Northwestern St,2466,Southland,FCS,,,,#492F91,#F68428,#FFFFFF,
University of Notre Dame,Notre Dame,Notre Dame Fighting Irish,Notre Dame,Notre Dame Fighting Irish,"South Bend, IN",Notre Dame (IN),Notre Dame,Notre Dame,Notre Dame,87,Independent,FBS,"400 Main Bldg, Notre Dame, IN, 46556",41.6808617,-86.2520306,#00122B,#BAA008,#FFFFFF,
Ohio University,Ohio,Ohio Bobcats,Ohio,Ohio Bobcats,"Athens, OH",Ohio,Ohio,Ohio,Ohio,195,Mid-American,FBS,"Cutler Hall, Athens, OH, 45701-2979",39.3261847,-82.1003267,#295A29,#FFFFFF,#E7CEAD,#313139
Ohio State University: Columbus Campus,Ohio State,Ohio State Buckeyes,Ohio State,Ohio State Buckeyes,"Columbus, OH",Ohio St.,Ohio State,Ohio State,Ohio State,194,Big 10,FBS,"190 N. Oval Mall, Columbus, OH, 43210",40.0007307,-83.0117318,#DE3121,#FFFFFF,#080808,#C5CCCF
University of Oklahoma,Oklahoma,Oklahoma Sooners,Oklahoma,Oklahoma Sooners,"Norman, OK",Oklahoma,Oklahoma,Oklahoma,Oklahoma,201,Big 12,FBS,"660 Parrington Oval, Norman, OK, 73019-3072",35.20909,-97.445683,#BA0034,#FFFFFF,#000000,
Oklahoma State University,Oklahoma State,Oklahoma State Cowboys,Oklahoma State,Oklahoma State Cowboys,"Stillwater, OK",Oklahoma St.,Oklahoma State,Oklahoma State,Oklahoma State,197,Big 12,FBS,"107 Whitehurst, Stillwater, OK, 74078-1015",36.1220367,-97.0705587,#FF6500,#000000,#FFFFFF,
Old Dominion University,Old Dominion,Old Dominion Monarchs,Old Dominion,Old Dominion Monarchs,Old Dominion (VA),Old Dominion (VA),,Old Dominion,Old Dominion,295,Independent,FCS,,,,#00507D,#FFFFFF,#999DA0,
University of Oregon,Oregon,Oregon Ducks,Oregon,Oregon Ducks,"Eugene, OR",Oregon,Oregon,Oregon,Oregon,2483,Pac-12,FBS,"110 Johnson Hall, Eugene, OR, 97403",44.0447612,-123.0745968,#044520,#F4E600,#FFFFFF,
Oregon State University,Oregon State,Oregon State Beavers,Oregon State,Oregon State Beavers,"Corvallis, OR",Oregon St.,Oregon State,Oregon State,Oregon State,204,Pac-12,FBS,"Kerr Administration Building, Corvallis, OR, 97331",44.5640676,-123.2745382,#000203,#AE3800,#FFFFFF,
The Pennsylvania State University,Penn State,Penn State Nittany Lions,Penn State,Penn State Nittany Lions,"State College, PA",Penn St.,Penn State,Penn State,Penn State,213,Big 10,FBS,,,,#00265D,#FFFFFF,,
University of Pennsylvania,Pennsylvania,Pennsylvania Quakers,Pennsylvania,Penn,"Philadelphia, PA",Pennsylvania,Pennsylvania,Pennsylvania,Pennsylvania,219,Ivy League,FCS,,,,#082A74,#FFFFFF,#AC0218,
University of Pittsburgh,Pittsburgh,Pittsburgh Panthers,Pittsburgh,Pittsburgh Panthers,"Pittsburgh, PA",Pittsburgh (PA),Pittsburgh,Pittsburgh,Pittsburgh,221,ACC,FBS,"4200 Fifth Avenue, Pittsburgh, PA, 15260",40.4444326,-79.954759,#003263,#FFFFFF,#242021,
Portland State University,Portland State,Portland State Vikings,Portland State,Portland State,"Portland, OR",Portland St. (OR),,Portland State,Portland State,2502,Big Sky,FCS,,,,#005E60,#BFCFD8,#FFFFFF,
Prairie View A&M University,Prairie View A&M,Prairie View A&M Panthers,Prairie View A&M,Prairie View A&M,"Prairie View, TX",Prairie View A&M (TX),Prairie View A&M,Prairie View A&M,PV A&M,2504,SWAC,FCS,,,,#5A185C,#FFBD29,#181821,#FFFFFF
Presbyterian College,Presbyterian,Presbyterian Blue Hose,Presbyterian College,Presbyterian,"Clinton, SC",Presbyterian (SC),,Presbyterian,Presbyterian,2506,Big South,FCS,,,,#194896,#FFFFFF,#AA153B,
Princeton University,Princeton,Princeton Tigers,Princeton,Princeton,"Princeton, NJ",Princeton (NJ),Princeton,Princeton,Princeton,163,Ivy League,FCS,,,,#F9A13A,#231F20,#FFFFFF,
Purdue University,Purdue,Purdue Boilermakers,Purdue,Purdue Boilermakers,"West Lafayette, IN",Purdue (IN),Purdue,Purdue,Purdue,2509,Big 10,FBS,"Hovde Hall of Administration, West Lafayette, IN, 47907-2040",40.4282164,-86.9143966,#000000,#B89D29,#FFFFFF,#9FA3A6
University of Rhode Island,Rhode Island,Rhode Island Rams,Rhode Island,Rhode Island,"Kingston, RI",Rhode Island,,Rhode Island,Rhode Island,227,Colonial Athletic Association,FCS,,,,#3691C6,#003559,#FFFFFF,
Rice University,Rice,Rice Owls,Rice,Rice Owls,"Houston, TX",Rice (TX),Rice,Rice,Rice,242,Conference USA,FBS,"6100 S Main, Houston, TX, 77005",29.7126665,-95.4041068,#003D7D,#FFFFFF,,
University of Richmond,Richmond,Richmond Spiders,Richmond,Richmond,"Richmond, VA",Richmond (VA),Richmond,Richmond,Richmond,257,Colonial Athletic Association,FCS,,,,#9E0712,#003256,#FFFFFF,
Robert Morris College,Robert Morris,Robert Morris Colonials,Robert Morris,Robert Morris,"Moon Township, PA",Robert Morris (PA),,Robert Morris,Robert Morris,2523,NEC,FCS,,,,#00214D,#AF1C2E,#FFFFFF,#BEB9B4
Rutgers,Rutgers,Rutgers Scarlet Knights,Rutgers,Rutgers Scarlet Knights,"New Brunswick, NJ",Rutgers (NJ),Rutgers,Rutgers,Rutgers,164,American Athletic,FBS,"83 Somerset St, New Brunswick, NJ, 08901-1281",40.4978792,-74.4463361,#EE363D,#FFFFFF,#0E1112,
Sacred Heart University,Sacred Heart,Sacred Heart Pioneers,Sacred Heart,Sacred Heart,"Fairfield, CT",Sacred Heart (CT),,Sacred Heart,Sacred Heart,2529,NEC,FCS,,,,#CE1040,#FFFFFF,#B1B3B6,
Saint Francis University,Saint Francis,St. Francis (PA) Red Flash,Saint Francis-Pa.,Saint Francis,"Loretto, PA",Saint Francis (PA),,St. Francis U,St Francis (PA,2598,NEC,FCS,,,,#F41650,#1E1719,#FFFFFF,
Sam Houston State University,Sam Houston State,Sam Houston State Bearkats,Sam Houston State,Sam Houston State,"Huntsville, TX",Sam Houston St. (TX),,Sam Houston State,Sam Houston,2534,Southland,FCS,,,,#F78F1E,#231F20,#FFFFFF,
Samford University,Samford,Samford Bulldogs,Samford,Samford,"Birmingham, AL",Samford (AL),,Samford,Samford,2535,Southern,FCS,,,,#005485,#D2D4D5,#C72D30,#FFFFFF
University of San Diego,San Diego,San Diego Toreros,San Diego,San Diego,"San Diego, CA",San Diego (CA),,San Diego,San Diego,301,Pioneer Football,FCS,,,,#2f99d4,#00275d,#FFFFFF,
San Diego State University,San Diego State,San Diego State Aztecs,San Diego State,San Diego State Aztecs,"San Diego, CA",San Diego St. (CA),San Diego State,San Diego State,San Diego State,21,Mountain West,FBS,"5500 Campanile Dr, San Diego, CA, 92182",32.7727078,-117.0765114,#231F20,#BF2C37,#7C6642,#FFFFFF
San Jose State University,San Jose State,San Jose State Spartans,San Jose State,San José State Spartans,"San Jose, CA",San Jose St. (CA),San Jose State,San Jose State,San Jose State,23,Mountain West,FBS,"1 Washington Sq, San Jose, CA, 95192-0001",37.3348412,-121.8849198,#005893,#FFC021,#FFFFFF,
Savannah State University,Savannah State,Savannah State Tigers,Savannah State,Savannah State,"Savannah, GA",Savannah St. (GA),,Savannah State,Savannah State,2542,MEAC,FCS,,,,#280298,#FF0000,#FFFFFF,
University of South Alabama,South Alabama,South Alabama Jaguars,South Alabama,South Alabama Jaguars,"Mobile, AL",South Alabama,South Alabama,South Alabama,South Alabama,6,Sun Belt,FBS,,,,#003E7E,#FFFFFF,#D11241,
University of South Carolina-Columbia,South Carolina,South Carolina Gamecocks,South Carolina,South Carolina Gamecocks,"Columbia, SC",South Carolina,South Carolina,South Carolina,South Carolina,2579,SEC,FBS,"1300 Rosewood Drive, Columbia, SC, 29208",33.9808047,-81.0227005,#CD0000,#000000,#FFFFFF,
South Carolina State University,South Carolina State,South Carolina State Bulldogs,SC State,South Carolina State,"Orangeburg, SC",South Carolina St.,,South Carolina State,S Carolina St,2569,MEAC,FCS,,,,#7E1812,#080D35,#050305,#FFFFFF
University of South Dakota,South Dakota,South Dakota Coyotes,South Dakota,South Dakota,"Vermillion, SD",South Dakota,,South Dakota,South Dakota,233,Missouri Valley,FCS,,,,#CD1241,#231F20,#B3B5B8,#FFFFFF
South Dakota State University,South Dakota State,South Dakota State Jackrabbits,South Dakota State,South Dakota State,"Brookings, SD",South Dakota St.,,South Dakota State,South Dakota St,2571,Missouri Valley,FCS,,,,#005DAB,#FFDE00,#FFFFFF,
University of South Florida,South Florida,South Florida Bulls,South Florida,South Florida Bulls,"Tampa, FL",South Florida,South Florida,South Florida,South Florida,58,American Athletic,FBS,"4202 East Fowler Ave, Tampa, FL, 33620-9951",28.0545918,-82.4136143,#004A36,#FFFFFF,#A08B4D,
Southeast Missouri State University,Southeast Missouri State,Southeast Missouri State Redhawks,SE Missouri State,Southeast Missouri State,"Cape Girardeau, MO",Southeast Missouri St.,,Southeast Missouri State,SE Missouri St,2546,Ohio Valley,FCS,,,,#E2373E,#231F20,#FFFFFF,
Southeastern Louisiana University,Southeastern Louisiana,Southeastern Louisiana Lions,SE Louisiana,Southeastern Louisiana,"Hammond, LA",Southeastern Louisiana,,Southeastern Louisiana,SE Louisiana,2545,Southland,FCS,,,,#007550,#F0B510,#231F20,#FFFFFF
Southern University and Agricultural and Mechanical College,Southern University,Southern University Jaguars,Southern U.,Southern,"Baton Rouge, LA",Southern (LA),Southern,Southern University,Southern,2582,SWAC,FCS,,,,#004B97,#FFCD02,#FFFFFF,
University of Southern California,USC,USC Trojans,Southern California,USC Trojans,"Los Angeles, CA",Southern California,Southern California,USC,USC,30,Pac-12,FBS,"University Park, Los Angeles, CA, 90089",34.0133669,-118.1682199,#AE2531,#FFAC33,#FFFFFF,
Southern Illinois University Carbondale,Southern Illinois,Southern Illinois Salukis,Southern Illinois,Southern Illinois,"Carbondale, IL",Southern Illinois,Southern Illinois,Southern Illinois,S Illinois,79,Missouri Valley,FCS,,,,#85283D,#000000,#FFFFFF,
Southern Methodist University,SMU,Southern Methodist Mustangs,SMU,SMU Mustangs,"Dallas, TX",Southern Methodist (TX),Southern Methodist,SMU,SMU,2567,American Athletic,FBS,"6425 Boaz St, Dallas, TX, 75275-0221",32.844918,-96.785785,#E32F38,#FFFFFF,,
University of Southern Mississippi,Southern Miss,Southern Miss Golden Eagles,Southern Miss,Southern Miss Golden Eagles,"Hattiesburg, MS",Southern Mississippi,Southern Mississippi,Southern Miss,Southern Miss,2572,Conference USA,FBS,"118 College Drive # 0001, Hattiesburg, MS, 39406-0001",31.3296966,-89.295482,#FFAA3C,#201C1D,#FFFFFF,
Southern Utah University,Southern Utah,Southern Utah Thunderbirds,Southern Utah,Southern Utah,"Cedar City, UT",Southern Utah,,Southern Utah,Southern Utah,253,Big Sky,FCS,,,,#D12947,#050607,#FFFFFF,
Stanford University,Stanford,Stanford Cardinal,Stanford,Stanford Cardinal,"Stanford, CA",Stanford (CA),Stanford,Stanford,Stanford,24,Pac-12,FBS,"450 Serra Mall, Stanford, CA, 94305",37.428443,-122.1695305,#A80532,#FFFFFF,,
Stephen F. Austin State University,Stephen F. Austin,Stephen F. Austin Lumberjacks,Stephen F. Austin,Stephen F. Austin,"Nacogdoches, TX",Stephen F. Austin (TX),,Stephen F. Austin,SF Austin,2617,Southland,FCS,,,,#393996,#EE3A42,#FFFFFF,
,Stetson,,Stetson,Stetson,"Deland, FL",Stetson (FL),,Stetson,Stetson,56,Pioneer Football,FCS,,,,,,,
State University of New York at Albany,Albany,Albany Great Danes,Albany-NY,Albany,"Albany, NY",SUNY-Albany (NY),,Albany,Albany,399,Colonial Athletic Association,FCS,,,,#3D2777,#FCBB0D,#FFFFFF,
State University of New York at Stony Brook,Stony Brook,Stony Brook Seawolves,Stony Brook,Stony Brook,"Stony Brook, NY",SUNY-Stony Brook (NY),,Stony Brook,Stony Brook,2619,Colonial Athletic Association,FCS,,,,#115F9A,#B33A4E,#FFFFFF,
Syracuse University,Syracuse,Syracuse Orange,Syracuse,Syracuse Orange,"Syracuse, NY",Syracuse (NY),Syracuse,Syracuse,Syracuse,183,ACC,FBS,"Suite 600 Crouse-Hinds Hall, Syracuse, NY, 13244-1100",43.040248,-76.1370235,#002D62,#F37321,#FFFFFF,
Temple University,Temple,Temple Owls,Temple,Temple Owls,"Philadelphia, PA",Temple (PA),Temple,Temple,Temple,218,American Athletic,FBS,"1801 North Broad Street, Philadelphia, PA, 19122-6096",39.980271,-75.157053,#A80532,#FFFFFF,#000000,
University of Tennessee: Knoxville,Tennessee,Tennessee Volunteers,Tennessee,Tennessee Volunteers,"Knoxville, TN",Tennessee,Tennessee,Tennessee,Tennessee,2633,SEC,FBS,,,,#EE9627,#FFFFFF,,
Tennessee State University,Tennessee State,Tennessee State Tigers,Tennessee State,Tennessee State,"Nashville, TN",Tennessee St.,Tennessee State,Tennessee State,Tenn St,2634,Ohio Valley,FCS,,,,#383C84,#FFFFFF,#060607,
Tennessee Technological University,Tennessee Tech,Tennessee Tech Golden Eagles,Tennessee Tech,Tennessee Tech,"Cookeville, TN",Tennessee Tech,,Tennessee Tech,Tenn Tech,2635,Ohio Valley,FCS,,,,#5A4099,#FFDE00,#FFFFFF,
University of Tennessee: Chattanooga,Chattanooga,Chattanooga Mocs,Chattanooga,Chattanooga,"Chattanooga, TN",Tennessee-Chattanooga,Chattanooga,Chattanooga,Chattanooga,236,Southern,FCS,,,,#EEB311,#00437B,#FFFFFF,
University of Tennessee: Martin,Tennessee-Martin,Tennessee-Martin Skyhawks,Tennessee-Martin,UT Martin,"Martin, TN",Tennessee-Martin,,Tennessee-Martin,UT Martin,2630,Ohio Valley,FCS,,,,#FF6700,#000099,#FFFFFF,
The University of Texas at Austin,Texas,Texas Longhorns,Texas,Texas Longhorns,"Austin, TX",Texas,Texas,Texas,Texas,251,Big 12,FBS,"1 University Station, Austin, TX, 78712",30.281613,-97.731489,#EE7524,#FFFFFF,,
Texas A&M University,Texas A&M,Texas A&M Aggies,Texas A&M,Texas A&M Aggies,"College Station, TX",Texas A&M,Texas A&M,Texas A&M,Texas A&M,245,SEC,FBS,"MS 1246, College Station, TX, 77843",32.7478079,-97.0217213,#5C0025,#FFFFFF,,
Texas Christian University,TCU,TCU Horned Frogs,TCU,TCU Horned Frogs,"Fort Worth, TX",Texas Christian,Texas Christian,TCU,TCU,2628,Big 12,FBS,"2800 S University Dr, Fort Worth, TX, 76129",32.7118466,-97.363079,#3C377D,#EBEBEB,#FFFFFF,#1E1B1C
Texas Southern University,Texas Southern,Texas Southern Tigers,Texas Southern,Texas Southern,"Houston, TX",Texas Southern,Texas Southern,Texas Southern,Texas Southern,2640,SWAC,FCS,,,,#6A0403,#FFFFFF,,
Texas State University-San Marcos,Texas State,Texas State Bobcats,Texas State,Texas State Bobcats,"San Marcos, TX",Texas St.,Texas State,Texas State,Texas State,326,Sun Belt,FBS,,,,#744143,#9B8449,#FFFFFF,
Texas Tech University,Texas Tech,Texas Tech Red Raiders,Texas Tech,Texas Tech Red Raiders,"Lubbock, TX",Texas Tech,Texas Tech,Texas Tech,Texas Tech,2641,Big 12,FBS,"Broadway and University Avenue, Lubbock, TX, 79409-5005",33.5845327,-101.8707027,#C80025,#000000,#FFFFFF,
University of Texas-El Paso,UTEP,UTEP Miners,UTEP,UTEP Miners,"El Paso, TX",Texas-El Paso,Texas-El Paso,UTEP,UTEP,2638,Conference USA,FBS,"500 W. University Ave, El Paso, TX, 79968-0691",31.7704338,-106.5043979,#002843,#F9783B,#FFFFFF,#C2BFBC
University of Texas at San Antonio,UTSA,Texas-San Antonio Roadrunners,Texas-San Antonio,UTSA Roadrunners,"San Antonio, TX",Texas-San Antonio,Texas-San Antonio,UTSA,UTSA,2636,Conference USA,FBS,,,,#002A5C,#F47321,#FFFFFF,
University of Toledo,Toledo,Toledo Rockets,Toledo,Toledo Rockets,"Toledo, OH",Toledo (OH),Toledo,Toledo,Toledo,2649,Mid-American,FBS,"2801 W Bancroft, Toledo, OH, 43606-3390",41.6585172,-83.6120617,#00488F,#FFD51D,#FFFFFF,
Towson University,Towson,Towson Tigers,Towson,Towson,"Towson, MD",Towson (MD),,Towson,Towson,119,Colonial Athletic Association,FCS,,,,#FFC229,#1E1C1C,#FFFFFF,
Troy University,Troy,Troy Trojans,Troy,Troy Trojans,"Troy, AL",Troy (AL),Troy,Troy,Troy,2653,Sun Belt,FBS,"University Avenue, Troy, AL, 36082-0001",31.7983394,-85.9572618,#AE0210,#FFFFFF,#6E7272,#000000
Tulane University,Tulane,Tulane Green Wave,Tulane,Tulane Green Wave,"New Orleans, LA",Tulane (LA),Tulane,Tulane,Tulane,2655,Conference USA,FBS,"6823 Saint Charles Ave, New Orleans, LA, 70118-5698",29.934585,-90.1230366,#005837,#FFFFFF,#6EA396,#00A6eb
University of Tulsa,Tulsa,Tulsa Golden Hurricane,Tulsa,Tulsa Golden Hurricane,"Tulsa, OK",Tulsa (OK),Tulsa,Tulsa,Tulsa,202,Conference USA,FBS,"800 South Tucker Drive, Tulsa, OK, 74104-3189",36.1491309,-95.9464523,#004371,#FFFFFF,#E21721,#000000
University of California: Los Angeles,UCLA,UCLA Bruins,UCLA,UCLA Bruins,"Pasadena, CA",UCLA,UCLA,UCLA,UCLA,26,Pac-12,FBS,"405 Hilgard Ave, Los Angeles, CA, 90095-1405",34.0709334,-118.4421229,#005C8E,#FFB325,#000000,#FFFFFF
University of Utah,Utah,Utah Utes,Utah,Utah Utes,"Salt Lake City, UT",Utah,Utah,Utah,Utah,254,Pac-12,FBS,"201 Presidents Circle, Room 203, Salt Lake City, UT, 84112-9008",40.765023,-111.848931,#CD1041,#231F20,#FFFFFF,
Utah State University,Utah State,Utah State Aggies,Utah State,Utah State Aggies,"Logan, UT",Utah St.,Utah State,Utah State,Utah State,328,Mountain West,FBS,"Old Main Hill, Logan, UT, 84322-1400",41.7408463,-111.8157639,#003263,#FFFFFF,#000000,
Valparaiso University,Valparaiso,Valparaiso Crusaders,Valparaiso,Valparaiso,"Valparaiso, IN",Valparaiso (IN),,Valparaiso,Valparaiso,2674,Pioneer Football,FCS,,,,#794500,#FFD204,#FFFFFF,
Vanderbilt University,Vanderbilt,Vanderbilt Commodores,Vanderbilt,Vanderbilt Commodores,"Nashville, TN",Vanderbilt (TN),Vanderbilt,Vanderbilt,Vanderbilt,238,SEC,FBS,"2101 West End Avenue, Nashville, TN, 37240",36.1504349,-86.801199,#000000,#BB8D09,#FFFFFF,
Villanova University,Villanova,Villanova Wildcats,Villanova,Villanova,"Villanova, PA",Villanova (PA),Villanova,Villanova,Villanova,222,Colonial Athletic Association,FCS,,,,#123d7C,#FFFFFF,#80FBFF,
University of Virginia,Virginia,Virginia Cavaliers,Virginia,Virginia Cavaliers,"Charlottesville, VA",Virginia,Virginia,Virginia,Virginia,258,ACC,FBS,"PO Box 400224, Charlottesville, VA, 22904",38.0334517,-78.514259,#00204E,#EA4B0F,#FFFFFF,
Virginia Military Institute,VMI,Virginia Military Institute Keydets,VMI,VMI,"Lexington, VA",Virginia Military Institute,Virginia Military Institute,Virginia Military Institute,VMI,2678,Big South,FCS,,,,#000000,#E52D37,#FFC527,#FFFFFF
Virginia Polytechnic Institute & State University,Virginia Tech,Virginia Tech Hokies,Virginia Tech,Virginia Tech Hokies,"Blacksburg, VA",Virginia Tech,Virginia Tech,Virginia Tech,Virginia Tech,259,ACC,FBS,,,,#74232D,#FBB088,#FFFFFF,
Wagner College,Wagner,Wagner Seahawks,Wagner,Wagner,"Staten Island, NY",Wagner (NY),,Wagner,Wagner,2681,NEC,FCS,,,,#00483A,#FFFFFF,#BABCBE,
Wake Forest University,Wake Forest,Wake Forest Demon Deacons,Wake Forest,Wake Forest Demon Deacons,"Winston-Salem, NC",Wake Forest (NC),Wake Forest,Wake Forest,Wake Forest,154,ACC,FBS,"1834 Wake Forest Road, Winston Salem, NC, 27106",36.1318798,-80.2803994,#000000,#C49544,#FFFFFF,
University of Washington,Washington,Washington Huskies,Washington,Washington Huskies,"Seattle, WA",Washington,Washington,Washington,Washington,264,Pac-12,FBS,"1400 NE Campus Parkway, Seattle, WA, 98195-4550",47.6562222,-122.3132446,#2B2F64,#E8D4A3,#FFFFFF,
Washington State University,Washington State,Washington State Cougars,Washington State,Washington State Cougars,"Pullman, WA",Washington St.,Washington State,Washington State,Washington St,265,Pac-12,FBS,"French Administration Building, Pullman, WA, 99164-1009",46.7304147,-117.158331,#97002F,#FFFFFF,,
Weber State University,Weber State,Weber State Wildcats,Weber State,Weber State,"Ogden, UT",Weber St. (UT),,Weber State,Weber State,2692,Big Sky,FCS,,,,#29086B,#FFFFFF,,
West Virginia University,West Virginia,West Virginia Mountaineers,West Virginia,West Virginia Mountaineers,"Morgantown, WV",West Virginia,West Virginia,West Virginia,West Virginia,277,Big 12,FBS,"Stewart Hall, University Avenue, Morgantown, WV, 26506-6201",39.6347691,-79.9545878,#FFC600,#000000,#FFFFFF,
Western Carolina University,Western Carolina,Western Carolina Catamounts,Western Carolina,Western Carolina,"Cullowhee, NC",Western Carolina (NC),Western Carolina,Western Carolina,W Carolina,2717,Southern,FCS,,,,#492F91,#FFFFFF,#CFAB7A,
Western Illinois University,Western Illinois,Western Illinois Leathernecks,Western Illinois,Western Illinois,"Macomb, IL",Western Illinois,,Western Illinois,W Illinois,2710,Missouri Valley,FCS,,,,#6812BB,#DFFF16,#FFFFFF,
Western Kentucky University,Western Kentucky,Western Kentucky Hilltoppers,Western Kentucky,Western Kentucky Hilltoppers,"Bowling Green, KY",Western Kentucky,Western Kentucky,Western Kentucky,W Kentucky,98,Sun Belt,FBS,"1906 College Heights Blvd, Bowling Green, KY, 42101-1000",36.9876083,-86.4508795,#F32026,#010000,#FFFFFF,
Western Michigan University,Western Michigan,Western Michigan Broncos,Western Michigan,Western Michigan Broncos,"Kalamazoo, MI",Western Michigan,Western Michigan,Western Michigan,W Michigan,2711,Mid-American,FBS,"1903 West Michigan Avenue, Kalamazoo, MI, 49008-5167",42.2836106,-85.6199488,#7E3E09,#FFFFFF,#B59966,#1D1B1B
College of William and Mary,William & Mary,William & Mary Tribe,William & Mary,William & Mary,"Williamsburg, VA",William & Mary (VA),William & Mary,William & Mary,William & Mary,2729,Colonial Athletic Association,FCS,,,,#103217,#FDF71C,#FFFFFF,
University of Wisconsin-Madison,Wisconsin,Wisconsin Badgers,Wisconsin,Wisconsin Badgers,"Madison, WI",Wisconsin,Wisconsin,Wisconsin,Wisconsin,275,Big 10,FBS,"500 Lincoln Dr, Madison, WI, 53706-1380",43.0746351,-89.403633,#A00000,#000000,#FFFFFF,
Wofford College,Wofford,Wofford Terriers,Wofford,Wofford,"Spartanburg, SC",Wofford (SC),,Wofford,Wofford,2747,Southern,FCS,,,,#000000,#FFD700,#FFFFFF,
University of Wyoming,Wyoming,Wyoming Cowboys,Wyoming,Wyoming Cowboys,"Laramie, WY",Wyoming,Wyoming,Wyoming,Wyoming,2751,Mountain West,FBS,"Corner of Ninth and Ivinson, Laramie, WY, 82071",41.3114964,-105.5856475,#533B22,#000000,#FFFFFF,
Yale University,Yale,Yale Bulldogs,Yale,Yale,"New Haven, CT",Yale (CT),Yale,Yale,Yale,43,Ivy League,FCS,,,,#004A81,#040404,#FFFFFF,
Youngstown State University,Youngstown State,Youngstown State Penguins,Youngstown State,Youngstown State,"Youngstown, OH",Youngstown St. (OH),,Youngstown State,Youngstown St,2754,Missouri Valley,FCS,,,,#E51937,#231F20,#FFFFFF,